"","Sim.Day","D1.Con.(g/d)","D2.Con.(g/d)","D3.Con.(g/d)","D4.Con.(g/d)","D5.Con.(g/d)","D6.Con.(g/d)","D7.Con.(g/d)","D9.Con.(g/d)","Total.Con.(g/d)","W.Gain.(g/d)","Daily.Weight.(g)","NA"
"1",1,0.00580802818129311,0.00485066089866238,0.00546018473527061,0.00386138137327729,0.000638244855087155,0.000127648971017431,0.00485066089866238,0,3.19122427543576e-05,0.0256287221560247,0.0092821556472558,0.209282155647256
"2",2,0.00606283743380843,0.00506346862603781,0.00569973343365177,0.00403078752467484,0.00066624587184708,0.000133249174369416,0.00506346862603781,0,3.33122935923539e-05,0.0267531029840195,0.0096741615596254,0.218956317206881
"3",3,0.00634280349038428,0.00529728643152973,0.00596293229233378,0.00421691880404669,0.0006970113725697,0.00013940227451394,0.00529728643152973,0,3.48505686284849e-05,0.0279884916655363,0.0101018640568722,0.229058181263753
"4",4,0.00683058523622335,0.00570466459288983,0.00642150073581216,0.0045412132614452,0.000750613762222346,0.000150122752444469,0.00570466459288983,0,3.75306881111171e-05,0.0301408956220383,0.0108168731688187,0.239875054432572
"5",5,0.00715777059004407,0.00597791829498186,0.00672909092283812,0.00475873759008424,0.000786568196708139,0.000157313639341628,0.00597791829498186,0,3.93284098354068e-05,0.0315846459388153,0.0112761114118677,0.25115116584444
"6",6,0.00739291940757943,0.00617430631841798,0.00695015665185076,0.00491507279295116,0.000812408726107629,0.000162481745221526,0.00617430631841798,0,4.06204363053813e-05,0.0326222723968518,0.0116241194199604,0.2627752852644
"7",7,0.00755703704410054,0.00631137159727078,0.00710444526508572,0.00502418396888003,0.000830443631219839,0.000166088726243968,0.00631137159727078,0,4.15221815609918e-05,0.0333464640116326,0.0118861297226135,0.274661414987014
"8",8,0.00774363628175276,0.00646721271882648,0.00727986905388953,0.00514824170380266,0.000850949041950852,0.00017018980839017,0.00646721271882648,0,4.25474520975424e-05,0.0341698587795364,0.0121699561686236,0.286831371155637
"9",9,0.00745394580368403,0.00622527341846138,0.00700752817038646,0.00495564528706465,0.00081911492348176,0.000163822984696352,0.00622527341846138,0,4.09557461740879e-05,0.0328915597524101,0.0117034453908678,0.298534816546505
"10",10,0.0075187882074601,0.00627942751392272,0.00706848715547484,0.00499875479726743,0.000826240462358252,0.00016524809247165,0.00627942751392272,0,4.13120231179124e-05,0.0331776857659956,0.0117549573741827,0.310289773920688
"11",11,0.00795044985366319,0.00663993614152091,0.00747429653825149,0.00528573863897388,0.000873675808094856,0.000174735161618971,0.00663993614152091,0,4.36837904047426e-05,0.0350824520740489,0.0124419482526702,0.322731722173358
"12",12,0.00851698269178019,0.00711308444588236,0.0080068996624373,0.00566238959178793,0.000935932163931888,0.000187186432786378,0.00711308444588236,0,4.67966081965942e-05,0.037582356042685,0.0133084334079881,0.336040155581346
"13",13,0.00925077127207435,0.00772591886458956,0.00869674156402153,0.00615023804352196,0.00101656827165652,0.000203313654331304,0.00772591886458956,0,5.08284135828258e-05,0.0408202989483676,0.0142732182306469,0.350313373811993
"14",14,0.00969011837543586,0.00809284611574863,0.00910977612108282,0.00644233144740516,0.00106484817312482,0.000212969634624964,0.00809284611574863,0,5.32424086562407e-05,0.0427589783918271,0.0148036277028666,0.36511700151486
"15",15,0.0100647354102834,0.00840571308990697,0.00946195730054659,0.00669139002551805,0.00110601488025092,0.000221202976050183,0.00840571308990697,0,5.53007440125456e-05,0.0444120275164756,0.0152644436213001,0.38038144513616
"16",16,0.0105075661143058,0.00877554972183785,0.00987826682504246,0.00698579944962092,0.00115467759497866,0.000230935518995733,0.00877554972183785,0,5.77338797489329e-05,0.0463660788263682,0.0157248340051335,0.396106279141293
"17",17,0.0106837183865978,0.00892266590529047,0.0100438693183895,0.00710291167460623,0.00117403498753822,0.000234806997507644,0.00892266590529047,0,5.87017493769107e-05,0.0471433749245972,0.0161220560096972,0.41222833515099
"18",18,0.0105808581285968,0.00883676063487207,0.00994716937254348,0.00703452655802316,0.00116273166248317,0.000232546332496633,0.00883676063487207,0,5.81365831241581e-05,0.0466894899070115,0.0162191216048691,0.428447456755859
"19",19,0.0107254250030588,0.00895749780475239,0.0100830781210075,0.00713063969983579,0.00117861813220426,0.000235723626440852,0.00895749780475239,0,5.89309066102128e-05,0.0473274110986621,0.0164593414971244,0.444906798252984
"20",20,0.0109269197106593,0.00912577909901215,0.0102725052884275,0.00726460046697678,0.00120076040776476,0.000240152081552951,0.00912577909901215,0,6.00380203882376e-05,0.0482165341737938,0.0167561414917518,0.461662939744736
"21",21,0.0112582690153605,0.00940251038645489,0.0105840100468581,0.0074848931365858,0.00123717241927038,0.000247434483854076,0.00940251038645489,0,6.18586209635187e-05,0.0496786584958021,0.0172201403865707,0.478883080131306
"22",22,0.0115011379009744,0.00960534593927531,0.0108123334882237,0.00764636091218627,0.00126386130779938,0.000252772261559876,0.00960534593927531,0,6.31930653899689e-05,0.0507503508146842,0.0175671053522338,0.49645018548354
"23",23,0.0128782177223724,0.010755434581322,0.0121069398477908,0.00856189200223661,0.00141518876070026,0.000283037752140053,0.010755434581322,0,7.07594380350129e-05,0.0568269046859191,0.018741109308357,0.515191294791897
"24",24,0.0131777784852204,0.0110056171964478,0.012388559883633,0.00876105053138282,0.0014481075258484,0.00028962150516968,0.0110056171964478,0,7.24053762924197e-05,0.0581487577004424,0.0192249813800941,0.534416276171991
"25",25,0.0133704948960313,0.0111665671659162,0.0125697344874228,0.00888917517813067,0.00146928515341003,0.000293857030682005,0.0111665671659162,0,7.3464257670501e-05,0.0589991453351796,0.0197023318119699,0.554118607983961
"26",26,0.0139127438763094,0.0116194344461485,0.0130795081166842,0.00924968136831557,0.00152887295344059,0.000305774590688118,0.0116194344461485,0,7.64436476720291e-05,0.0613918934454068,0.020164494338282,0.574283102322243
"27",27,0.0143301420430488,0.0119680307172715,0.0134719082613497,0.00952718234730167,0.00157474088385151,0.000314948176770303,0.0119680307172715,0,7.87370441925754e-05,0.0632337201910575,0.0206198210699507,0.594902923392194
"28",28,0.0146210555631542,0.0122109914593375,0.0137453989387674,0.0097205918853937,0.00160670940254441,0.000321341880508882,0.0122109914593375,0,8.03354701272203e-05,0.0645174160591709,0.0211377414410425,0.616040664833236
"29",29,0.014842187101374,0.0123956727440046,0.0139532868848631,0.00986760790805632,0.00163100957157956,0.000326201914315911,0.0123956727440046,0,8.15504785789774e-05,0.065493189346777,0.0216405196361697,0.637681184469406
"30",30,0.015194432357893,0.0126898555956029,0.0142844361342609,0.0101017929412365,0.0016697178415267,0.00033394356830534,0.0126898555956029,0,8.34858920763346e-05,0.0670475199265046,0.0221336381814823,0.659814822650889
"31",31,0.0152634682178154,0.0127475119181755,0.0143493374289463,0.0101476904085476,0.00167730419975994,0.000335460839951988,0.0127475119181755,0,8.38652099879965e-05,0.0673521501413603,0.0225004280104896,0.682315250661378
"32",32,0.0153511825215433,0.01282076782019,0.014431798513385,0.010206005962125,0.00168694313423553,0.000337388626847106,0.01282076782019,0,8.43471567117762e-05,0.0677392015552278,0.0227649288944059,0.705080179555784
"33",33,0.0161553707704543,0.0134923975665332,0.0151878238396963,0.0107406585891482,0.00177531546928069,0.000355063093856137,0.0134923975665332,0,8.8765773464034e-05,0.071287792668966,0.0235805885634213,0.728660768119205
"34",34,0.0169201596006884,0.0141311223038716,0.0159068093828449,0.011249117097161,0.00185935819787784,0.000371871639575568,0.0141311223038716,0,9.29679098938917e-05,0.0746625284357847,0.024141946211199,0.752802714330404
"35",35,0.0175764979065376,0.0146792729768885,0.0165238395154317,0.0116854738829178,0.0019314832864327,0.00038629665728654,0.0146792729768885,0,9.65741643216346e-05,0.0775587113667051,0.0244864366252242,0.777289150955628
"36",36,0.0180941400630249,0.0151115895031856,0.0170104800262833,0.0120296205913517,0.00198836703989285,0.000397673407978569,0.0151115895031856,0,9.9418351994642e-05,0.0798428784868973,0.0248469011869513,0.80213605214258
"37",37,0.0182936513962488,0.0152782143529111,0.017198042603836,0.0121622627414621,0.00201029136222514,0.000402058272445028,0.0152782143529111,0,0.000100514568111256,0.0807232496501504,0.0256188666438394,0.827754918786419
"38",38,0.018652406502291,0.0155778340019134,0.0175353118271538,0.0124007757515231,0.00204971500025176,0.000409943000050351,0.0155778340019134,0,0.000102485750012587,0.0823063058351093,0.0261860457168979,0.853940964503317
"39",39,0.0188402971634567,0.0157347536749748,0.0177119496959749,0.0125256920702102,0.00207036232565458,0.000414072465130915,0.0157347536749748,0,0.000103518116282728,0.0831353991866595,0.0267803989355666,0.880721363438884
"40",40,0.0192603553844893,0.0160855715299032,0.0181068505839897,0.0128049615468308,0.0021165225697241,0.00042330451394482,0.0160855715299032,0,0.000105826128486205,0.0849889637872713,0.0273203768819604,0.908041740320844
"41",41,0.0198669874191017,0.0165922092730959,0.0186771513593862,0.0132082718555566,0.00218318543067051,0.000436637086134103,0.0165922092730959,0,0.000109159271533525,0.0876658109685745,0.0278341868260531,0.935875927146897
"42",42,0.0204267224368814,0.0170596802769559,0.0192033637854418,0.0135804033783662,0.00224469477328367,0.000448938954656733,0.0170596802769559,0,0.000112234738664183,0.0901357186212056,0.0283174379638433,0.96419336511074
"43",43,0.0209687613874871,0.0175123721477914,0.019712939963731,0.0139407699334392,0.00230425949313045,0.00046085189862609,0.0175123721477914,0,0.000115212974656522,0.0925275399466531,0.0287838562322426,0.992977221342983
"44",44,0.0216822827107729,0.01810828006614,0.0203837284165562,0.0144151440000193,0.00238266842975526,0.000476533685951052,0.01810828006614,0,0.000119133421487763,0.0956760507968225,0.0289251865771309,1.02190240792011
"45",45,0.0222327826603256,0.0185680382657664,0.0209012588636358,0.014781135724722,0.00244316292970611,0.000488632585941222,0.0185680382657664,0,0.000122158146485305,0.0981052074423488,0.029208518018242,1.05111092593836
"46",46,0.0227270638753888,0.0189808445552698,0.0213659375224122,0.0151097512578135,0.00249747954674602,0.000499495909349205,0.0189808445552698,0,0.000124873977337301,0.100286291199587,0.0296171081683516,1.08072803410671
"47",47,0.0232629582151762,0.0194284046632241,0.0218697370913003,0.0154660326595402,0.00255636903463475,0.00051127380692695,0.0194284046632241,0,0.000127818451731737,0.102650998585758,0.0298313331297454,1.11055936723645
"48",48,0.0236003960561384,0.0197102208820496,0.0221869657428861,0.0156903732021579,0.00259345011605916,0.000518690023211832,0.0197102208820496,0,0.000129672505802957,0.104139989410355,0.0308278748562541,1.14138724209271
"49",49,0.0238044503580251,0.0198806398594495,0.0223787992102093,0.0158260356775881,0.00261587366571704,0.000523174733143408,0.0198806398594495,0,0.000130793683285851,0.105040407046868,0.0319168469257156,1.17330408901842
"50",50,0.0242678184143956,0.0202676285658689,0.0228144161027642,0.0161340990557246,0.00266679323235117,0.000533358646470233,0.0202676285658689,0,0.000133339661617558,0.107085082245061,0.0325008724560771,1.2058049614745
"51",51,0.0246800924482395,0.0206119453413868,0.0232019989994163,0.0164081933309724,0.00271209807123511,0.000542419614247021,0.0206119453413868,0,0.000135604903561755,0.108904298050446,0.0331538197327749,1.23895878120727
"52",52,0.025351419149324,0.0211726137950399,0.0238331198706008,0.0168545149289462,0.00278587023618945,0.000557174047237891,0.0211726137950399,0,0.000139293511809472,0.111866619334187,0.0334697949610394,1.27242857616831
"53",53,0.0260209137713658,0.0217317521607011,0.0244625183861576,0.0172996184963476,0.00285944107377646,0.000571888214755293,0.0217317521607011,0,0.000142972053688823,0.114820856317494,0.033646176039181,1.3060747522075
"54",54,0.0266765544337477,0.0222793201864267,0.0250788926572211,0.0177355114641949,0.00293148949821403,0.000586297899642807,0.0222793201864267,0,0.000146574474910701,0.117713960800785,0.0336252188584305,1.33969997106593
"55",55,0.0272352064366064,0.0227458866943086,0.0256040869302382,0.018106922960601,0.0029928798281985,0.0005985759656397,0.0227458866943086,0,0.000149643991409924,0.120179089501311,0.0337719123885659,1.37347188345449
"56",56,0.0276335983982354,0.0230786096512735,0.0259786191535059,0.0183717879460796,0.00303665916464125,0.00060733183292825,0.0230786096512735,0,0.000151832958232062,0.121937048756169,0.0348415175449006,1.40831340099939
"57",57,0.0280626225510506,0.0234369155371412,0.0263819490026635,0.0186570182894348,0.00308380467593963,0.000616760935187926,0.0234369155371412,0,0.000154190233796981,0.123830176762356,0.0356682459701758,1.44398164696957
"58",58,0.0283122797448374,0.0236454204462378,0.0266166541996795,0.0188229991710183,0.00311123953239971,0.000622247906479943,0.0236454204462378,0,0.000155561976619985,0.12493182342351,0.0368484405606425,1.48083008753021
"59",59,0.0288181633673104,0.0240679166584131,0.027092240396411,0.0191593283925525,0.00316683113926488,0.000633366227852976,0.0240679166584131,0,0.000158341556963243,0.127164104397181,0.0374545345731565,1.51828462210337
"60",60,0.0295250895111853,0.0246583165148361,0.0277568286558451,0.0196293177519419,0.00324451533089948,0.000648903066179897,0.0246583165148361,0,0.000162225766544974,0.130283513112269,0.0376682642933988,1.55595288639677
"61",61,0.0301115810535857,0.0251481336271705,0.0283081951553215,0.0200192379532081,0.00330896495094348,0.000661792990188696,0.0251481336271705,0,0.000165448247547173,0.132871487605135,0.0380877340212503,1.59404062041802
"62",62,0.0308100858046479,0.0257315002324531,0.0289648663800837,0.0204836284745186,0.00338572371479646,0.000677144742959293,0.0257315002324531,0,0.000169286185739823,0.135953735767652,0.0380605210004162,1.63210114141843
"63",63,0.0314272278424294,0.0262469155607103,0.0295450477134048,0.0208939262029339,0.00345354152114609,0.000690708304229218,0.0262469155607103,0,0.000172677076057304,0.138676959781621,0.0380933659376789,1.67019450735611
"64",64,0.0319814561193637,0.0267097875282598,0.0300660831979292,0.0212623966507857,0.0035144457274026,0.00070288914548052,0.0267097875282598,0,0.000175722286370129,0.141122568183851,0.0378297798433372,1.70802428719945
"65",65,0.0324940084397776,0.0271378532024516,0.0305479387035491,0.0216031594572148,0.00357077015821731,0.000714154031643463,0.0271378532024516,0,0.000178538507910865,0.143384275703216,0.0382129647212116,1.74623725192066
"66",66,0.0330388746375113,0.0275929062906687,0.0310601728048251,0.0219654056655982,0.00363064556456168,0.000726129112912335,0.0275929062906687,0,0.000181532278228083,0.145788572644974,0.0391920096550569,1.78542926157572
"67",67,0.0335484875646286,0.0280185170869425,0.0315392649577359,0.0223042142600003,0.00368664698512401,0.000737329397024803,0.0280185170869425,0,0.0001843323492562,0.148037309687655,0.0401437768000169,1.82557303837573
"68",68,0.0340607656359797,0.0284463537179611,0.0320208626390996,0.0226447947360085,0.00374294127867909,0.000748588255735818,0.0284463537179611,0,0.000187147063933954,0.150297807045359,0.0409408256951505,1.86651386407088
"69",69,0.0344316381924714,0.0287560934354706,0.0323695235974277,0.0228913638532365,0.00378369650466718,0.000756739300933437,0.0287560934354706,0,0.000189184825233358,0.151934333144911,0.04230893427745,1.90882279834833
"70",70,0.034868101428606,0.0291206121821325,0.0327798470023872,0.0231815399607765,0.00383165949764901,0.000766331899529802,0.0291206121821325,0,0.00019158297488245,0.153860287128096,0.0432563996086168,1.95207919795695
"71",71,0.0355999095504093,0.0297317925915506,0.0334678270553572,0.0236680717340633,0.00391207797257244,0.000782415594514489,0.0297317925915506,0,0.000195603898628621,0.157089490988646,0.0433510168053339,1.99543021476229
"72",72,0.0363271548192725,0.0303391622666451,0.0341515175251512,0.0241515699622636,0.00399199503508488,0.000798399007016977,0.0303391622666451,0,0.000199599751754243,0.160298560633833,0.0431879637523324,2.03861817851462
"73",73,0.0368399445517706,0.0307674262190611,0.0346335962242194,0.0244924906085947,0.00404834555513962,0.000809669111027924,0.0307674262190611,0,0.00020241727775698,0.162561315766631,0.0440521229817714,2.08267030149639
"74",74,0.0373547588983063,0.0311973810579262,0.0351175782829682,0.0248347572895333,0.00410491856025344,0.000820983712050688,0.0311973810579262,0,0.000205245928012671,0.164833004786977,0.0448838323779087,2.1275541338743
"75",75,0.0379226869807719,0.031671694621304,0.0356514930901651,0.0252123358498538,0.00416732823964526,0.000833465647929051,0.031671694621304,0,0.000208366411982262,0.167339065462955,0.045508555153725,2.17306268902802
"76",76,0.0385594939786158,0.0322035334326901,0.0362501616469294,0.0256357075352336,0.00423730703061712,0.000847461406123424,0.0322035334326901,0,0.000211865351530855,0.17014906381443,0.0458671389039107,2.21892982793193
"77",77,0.0390854393307424,0.0326427844960046,0.036744608074121,0.025985374500109,0.0042951032231585,0.000859020644631701,0.0326427844960046,0,0.000214755161157924,0.17246986992593,0.0466918979596905,2.26562172589162
"78",78,0.0397183913882933,0.0331714037968164,0.0373396525633899,0.0264061832856235,0.00436465839431794,0.000872931678863588,0.0331714037968164,0,0.000218232919715896,0.175262857823837,0.0471111276382996,2.31273285352992
"79",79,0.0403340220661997,0.0336855568904525,0.0379184130523448,0.0268154762088471,0.0044323101171648,0.00088646202343296,0.0336855568904525,0,0.000221615505858239,0.177979412754753,0.0476002866458857,2.36033314017581
"80",80,0.040921029635304,0.034175804970144,0.0384702646736292,0.027205739482812,0.00449681644344,0.000899363288688,0.034175804970144,0,0.000224840822171999,0.180569664286333,0.0482253441261598,2.40855848430197
"81",81,0.0416264364393741,0.0347649359273894,0.0391334245866863,0.0276747187316718,0.00457433367465649,0.000914866734931299,0.0347649359273894,0,0.000228716683732824,0.183682368705832,0.0482830331133967,2.45684151741537
"82",82,0.0423104193351939,0.0353361743898323,0.0397764436717125,0.0281294546129586,0.00464949663024109,0.000929899326048217,0.0353361743898323,0,0.000232474831512053,0.186700537187331,0.0481006054676789,2.50494212288304
"83",83,0.0428160959383103,0.0357584977067207,0.0402518352474993,0.0284656462007448,0.0047050654877264,0.00094101309754528,0.0357584977067207,0,0.000235253274386319,0.188931904659654,0.047341685266189,2.55228380814923
"84",84,0.043365821913768,0.0362176095103997,0.0407686380738775,0.0288311233602524,0.0047654749355789,0.00095309498711578,0.0362176095103997,0,0.000238273746778944,0.191357646038171,0.0476954953553747,2.59997930350461
"85",85,0.0440910915883948,0.0368233292386594,0.0414504712679909,0.0293133081439328,0.00484517489982361,0.000969034979964721,0.0368233292386594,0,0.000242258744991179,0.194557998102417,0.0492594613117861,2.64923876481639
"86",86,0.0444453503732771,0.0371191937183413,0.0417835134553171,0.0295488318415744,0.00488410443662386,0.000976820887324771,0.0371191937183413,0,0.000244205221831192,0.196121213652631,0.0483376967380992,2.69757646155449
"87",87,0.0452525318007548,0.0377933232621688,0.0425423526984018,0.0300854744389633,0.00497280569239063,0.000994561138478126,0.0377933232621688,0,0.000248640284619531,0.199683012577946,0.0498145660500584,2.74739102760455
"88",88,0.0454794778133033,0.0379828605913303,0.0427557068893197,0.0302363561286248,0.00499774481464871,0.000999548962929743,0.0379828605913303,0,0.000249887240732435,0.200684443032219,0.0489173865290232,2.79630841413358
"89",89,0.0460168663586717,0.0384316686072423,0.0432609111756523,0.0305936309307652,0.00505679850095293,0.00101135970019059,0.0384316686072423,0,0.000252839925047645,0.203055743805765,0.0492846524044085,2.84559306653798
"90",90,0.0465247142602781,0.0388558053162762,0.0437383440106241,0.030931266074141,0.00511260596266792,0.00102252119253358,0.0388558053162762,0,0.000255630298133395,0.20529669243093,0.0495843671925741,2.89517743373056
"91",91,0.0472848935129751,0.0394906802965506,0.0444529960443408,0.031436659972912,0.00519614214428297,0.00103922842885659,0.0394906802965506,0,0.000259807107214148,0.208651087803683,0.0504778305880708,2.94565526431863
"92",92,0.0480864923729854,0.0401601474763394,0.0452065870605373,0.0319695910831386,0.00528422993109729,0.00105684598621946,0.0401601474763394,0,0.000264211496554864,0.212188252883212,0.0515785914731762,2.99723385579181
"93",93,0.0487011857013844,0.0406735177286287,0.0457844663379498,0.0323782608234479,0.00535177864850378,0.00107035572970076,0.0406735177286287,0,0.000267588932425188,0.214900671630669,0.0520968076873848,3.04933066347919
"94",94,0.0494757272607779,0.0413203876024079,0.0465126205182367,0.0328932032887589,0.00543689310557998,0.001087378621116,0.0413203876024079,0,0.000271844655278998,0.218318442654564,0.05351808541221,3.1028487488914
"95",95,0.0500854884724339,0.0418296387242305,0.0470858630639199,0.0332985939844203,0.00550389983213559,0.00110077996642712,0.0418296387242305,0,0.000275194991606778,0.221009097759404,0.0538508794583328,3.15669962834973
"96",96,0.0506472327092073,0.0422987877571401,0.0476139643766228,0.0336720613066708,0.00556562996804475,0.00111312599360895,0.0422987877571401,0,0.000278281498402236,0.223487871366837,0.0539427395057472,3.21064236785548
"97",97,0.0514541395687964,0.0420859027411363,0.0480257311555766,0.0337669138160458,0.00604243841776236,0.00184614472427718,0.0420253431339165,7.48089265654687e-05,0.00139486659821945,0.226716289082296,0.0550590506813045,3.26570141853678
"98",98,0.0521109718993742,0.041727664430512,0.0482885831670973,0.0337520236309506,0.00651151611388042,0.00259201036136596,0.041605178277685,0.000151306424080376,0.00253573035743951,0.229274984662385,0.0561300441754903,3.32183146271227
"99",99,0.0528946445639447,0.04144889102783,0.0486603277419431,0.0338082807997346,0.00700611695637449,0.0033620126331229,0.0412626708205036,0.000230036726697251,0.003710485177075,0.232383466447225,0.0553082831711442,3.37713974588342
"100",100,0.0536085226407693,0.0410924425618224,0.0489588763917203,0.0338084825550359,0.00750153272593548,0.00414611703896276,0.0408411644702347,0.000310402348431782,0.00490916808303245,0.235176708815945,0.0555052441912603,3.43264499007468
"101",101,0.05431235365029,0.040706771638688,0.0492398326677388,0.0337916308501403,0.00800496216907393,0.00494680340083708,0.0403890130552278,0.000392525308980269,0.00613392137177264,0.237917814112749,0.0558679445628826,3.48851293463756
"102",102,0.0550155046377953,0.0402993461628546,0.0495118637364939,0.033763776379797,0.00851759006508419,0.00576456403102013,0.039913660228184,0.000476435566357928,0.00738524188326827,0.240647982690855,0.0561309951823604,3.54464392981992
"103",103,0.0557653926791472,0.0399042235574908,0.0498173787840688,0.0337536830171136,0.00904705348439037,0.00660491259416105,0.0394487848298158,0.00056260078124549,0.00867034265741258,0.243574372384846,0.0556623393522786,3.6003062691722
"104",104,0.0564567838165879,0.0394456024177176,0.0500621731759415,0.0336974063450381,0.00957649820036996,0.00745578740145918,0.038919410842614,0.000650001357480943,0.00997348759607943,0.246237151153288,0.0561247876566888,3.65643105682889
"105",105,0.0571795469013955,0.0389878127538459,0.0503265389346594,0.0336493532788821,0.0101204942689113,0.00832781465739271,0.0383891358339498,0.000739542077518544,0.0113086214886272,0.249028860195183,0.0549697698676287,3.71140082669652
"106",106,0.0575561740986506,0.0382782982170589,0.0502801084058043,0.0333897795310342,0.0106101032190142,0.00916210331631293,0.0376096870135243,0.00082593148671906,0.0125950043776684,0.250307189665787,0.053491396056999,3.76489222275352
"107",107,0.0583779146375141,0.0378475175802371,0.0506157582415815,0.0333798154550523,0.0111893349153744,0.0100811962049996,0.0371026203915626,0.000920167115421337,0.0140004792531733,0.253514803794916,0.0538428991436373,3.81873512189715
"108",108,0.059256630049742,0.0374280646113193,0.0509907913996511,0.0333896753890137,0.0117906963763957,0.0110307853152258,0.0366044054902068,0.00101746126725631,0.0154517369012424,0.256960246800053,0.0560724525523919,3.87480757444955
"109",109,0.0598545703344813,0.0368094905061664,0.0511156989260232,0.033230481129395,0.0123457212790236,0.0119456720435298,0.0359094850738127,0.00111177141643702,0.0168570899683349,0.259179980677204,0.0569060784050503,3.9317136528546
"110",110,0.0606193848573918,0.0362737558600378,0.0513753789288751,0.0331540805028393,0.0129438257873939,0.0129098220769068,0.0352935437503716,0.00121085025311725,0.018334253915261,0.262114895932195,0.0566059730064982,3.98831962586109
"111",111,0.0611841784241319,0.035599176049312,0.051458048112658,0.032958744786395,0.0135076047807784,0.0138468255345624,0.0345406834357203,0.00130754969914269,0.0197749454872303,0.264177756309931,0.0573517444233634,4.04567137028446
"112",112,0.0618415040033891,0.0349611399414071,0.0516117761315501,0.0328046417159109,0.0140993817859644,0.0148187203053025,0.0338215849295755,0.00140768560285084,0.0212672337880838,0.266633668204034,0.0575688551004688,4.10324022538493
"113",113,0.0627599854453795,0.0344477017004275,0.0519744482486015,0.0327775973176794,0.0147607858070454,0.0158717805667276,0.0332206983602577,0.00151571000844519,0.0228782319137124,0.270206939368276,0.0565940925356344,4.15983431792056
"114",114,0.0633781865943741,0.0337471375198979,0.0520797198513418,0.0325826166809054,0.0153613296742869,0.0168668947861463,0.0324370331038536,0.00161836427864283,0.0244077446967471,0.272479027186196,0.056996272519197,4.21683059043976
"115",115,0.0643011734410179,0.0331865839430841,0.0524267295452498,0.0325332310049344,0.0160454976455253,0.0179610925385392,0.0317855566740316,0.00173068074412355,0.0260825757517953,0.276053121288301,0.0556340437826114,4.27246463422237
"116",116,0.0650552259555467,0.0325144337432211,0.052626456240472,0.0323862181741855,0.0166981933067232,0.0190277895753926,0.0310244976228926,0.00184050932511177,0.0277194923071474,0.278892816250693,0.0544356042538076,4.32690023847618
"117",117,0.065704787333657,0.0317702075350286,0.0527338909817019,0.0321773010389409,0.0173327573334074,0.0200799367290745,0.030192399996142,0.00194905637156567,0.0293367827227547,0.281277120042273,0.0536366512266331,4.38053688970281
"118",118,0.0663835397878252,0.0310215529029231,0.0528575020573218,0.0319734452549379,0.0179831380604069,0.0211559619182599,0.0293539066280345,0.00206003363368575,0.0309903624807871,0.283779442724182,0.0534021856365931,4.4339390753394
"119",119,0.0670966458915715,0.0302694591278018,0.0530008435224248,0.0317764286108675,0.0186513569505173,0.0222586584018093,0.0285097799143997,0.00217372138126158,0.0326844265952397,0.286421320395894,0.0535087115395919,4.487447786879
"120",120,0.0677797075953431,0.0294843309550036,0.053112833754564,0.0315554821953473,0.0193197505576738,0.0233671009172114,0.0276320764092131,0.00228807914480005,0.0343882864644274,0.288927647993584,0.0533055268518388,4.54075331373083
"121",121,0.0684366075381602,0.0286693292746737,0.0531970908879947,0.0313131466111821,0.0199887813281948,0.0244814407398355,0.0267239514195824,0.00240311382099512,0.0361020659516598,0.291315527572278,0.0528354999218619,4.5935888136527
"122",122,0.0691520214944313,0.027859907090748,0.0533194275192362,0.0310881556663254,0.020683189541794,0.0256319839468107,0.0258184496457553,0.0025218003732262,0.037870457786001,0.293945393064328,0.0533322677972939,4.64692108144999
"123",123,0.0694665021946508,0.0268755794558795,0.0531273939988538,0.0306762581913958,0.0212635349989558,0.0266447072690364,0.0247489649051689,0.00262699444499525,0.0394360598929142,0.29486599535185,0.0557970535491569,4.70271813499915
"124",124,0.0703874084107801,0.0261092794102288,0.0533926615257888,0.030523895504705,0.0220367670168049,0.0279034136032035,0.0238778100057745,0.00275652102903181,0.0413667348106262,0.298354491316944,0.0545252454099839,4.75724338040913
"125",125,0.0711051966429851,0.0252446880238378,0.0534948785205099,0.0302720220508352,0.022756451069995,0.0291001081149779,0.0229132360444152,0.0028800289157573,0.0432068163586689,0.300973425741982,0.0541042142902096,4.81134759469934
"126",126,0.0718561238561446,0.0243717115406051,0.0536141464036835,0.030024222343866,0.0234955605882478,0.0303266183929364,0.0219378142965834,0.00300657894849734,0.0450923062413915,0.303725082611955,0.0533485757928989,4.86469617049224
"127",127,0.0725939907462994,0.0234739212576578,0.0537156975186113,0.0297608145293325,0.0242393215498154,0.031564058489395,0.020936629073019,0.00313430211043613,0.0469951647620757,0.306413900036642,0.0522064414267322,4.91690261191897
"128",128,0.0732627325412498,0.022534776647262,0.053758668169233,0.0294596052157974,0.0249683185013754,0.032786769985708,0.0198952078938969,0.00326064375415694,0.0488771050482896,0.308803827756969,0.0516836646756391,4.96858627659461
"129",129,0.073923590611025,0.0215754972532639,0.0537889277351625,0.0291464065147652,0.0257023800650964,0.03402023815993,0.018832726546574,0.00338812852002864,0.0507759963136732,0.311153891719519,0.0513948760531073,5.01998115264772
"130",130,0.0745450903330264,0.0205878360026879,0.0537839416815815,0.0288092763898685,0.0264301518085925,0.0352492205900639,0.0177421698916159,0.00351523460779472,0.0526690416828595,0.313331962988091,0.0518463119390364,5.07182746458676
"131",131,0.0752428952748732,0.0196038477474211,0.0538272041271457,0.0284929703261564,0.027192593991732,0.0365283202092691,0.0166511850435904,0.00364740686943787,0.0546378228995897,0.315824246489216,0.0505887136977921,5.12241617828455
"132",132,0.0758686421343811,0.018583689221794,0.0538121142097556,0.0281407142366188,0.0279366087120115,0.0377864694871741,0.0155256696035755,0.00377755364603468,0.0565760961937503,0.318007557445096,0.0509974422914391,5.17341362057599
"133",133,0.0765441374777392,0.0175587412213828,0.0538256710607527,0.0277984571357002,0.0287063718459031,0.0390830882786878,0.0143922002355637,0.00391160945307067,0.0585727566746488,0.320393033383449,0.0501693091826945,5.22358292975868
"134",134,0.0771266044974685,0.0164962187849403,0.0537674614865907,0.0274143305483912,0.0294483521469585,0.0403453019040604,0.0132238962426533,0.00404228078753096,0.0605185905394964,0.32238303693809,0.0506909160583685,5.27427384581705
"135",135,0.0777670433030321,0.0154304729882372,0.0537435560382753,0.0270430299131741,0.0302193050234089,0.0416504421457692,0.0120488423770725,0.004177308402027,0.062529505837922,0.324609506028918,0.0503918596748074,5.32466570549186
"136",136,0.0784741936937262,0.0143604820383538,0.0537589168269424,0.0266862220229001,0.0310238328994461,0.0430054128115895,0.0108654485973543,0.00431739425064639,0.0646159862347715,0.32710788937573,0.0493111090389548,5.37397681453081
"137",137,0.0791047522830408,0.0132592160908588,0.0537150583896543,0.0262947732926616,0.0318056352159751,0.0443323308199349,0.00965301238021864,0.0044547222307907,0.0666610457748487,0.329280546477984,0.0478695970941883,5.421846411625
"138",138,0.079710369551248,0.012138140983521,0.053648151656535,0.0258872511171785,0.0325842498660367,0.0456578771614209,0.00842083672542252,0.00459196408353345,0.0687046878563438,0.33134352900124,0.048762994522915,5.47060940614792
"139",139,0.0801853192919668,0.0109839847573415,0.0534881447529897,0.025430727394536,0.0333152200549791,0.046919211226622,0.00716077334580161,0.00472279056719638,0.0706522375021532,0.332858408893586,0.0495154020606097,5.52012480820853
"140",140,0.0804532022809566,0.00979348949882219,0.0531868938447399,0.0249045613680222,0.0339636489729873,0.0480658156279889,0.00587369922414258,0.00484209386872192,0.0724273393167658,0.333510744003148,0.0506914514223706,5.5708162596309
"141",141,0.0811618451054088,0.00864515538359969,0.0531725308566904,0.0245091111155591,0.0348031764515455,0.0494850163776055,0.00460652701218042,0.00498889387057668,0.0746136442892153,0.335985900462382,0.0500497377602642,5.62086599739116
"142",142,0.0816357336420431,0.00745723677457764,0.0529986687342769,0.0240355099947547,0.0355484195781959,0.0507728451148297,0.00331045610202879,0.00512249377197205,0.0766024192909303,0.337483783003609,0.0501916419808591,5.67105763937202
"143",143,0.0819473943734256,0.00624599042480381,0.0527161591853441,0.0235099079589615,0.0362267444638621,0.0519666403343677,0.00199871693593722,0.0052466319568352,0.0784496397355355,0.338307825369073,0.0506976470384739,5.72175528641049
"144",144,0.080349900565608,0.00889773016563442,0.0545924131399464,0.0256583140823906,0.0373951538168147,0.0502416337622038,0.00214157093869529,0.00521193957903976,0.0774563864278588,0.341945042478192,0.0501665490975658,5.77192183550806
"145",145,0.0786720091549774,0.011600373604144,0.0564766610953879,0.0278372568061604,0.0385665693840137,0.0484510032538492,0.00228620273829851,0.00517348957061393,0.0763971900333194,0.345460755640765,0.049407371521818,5.82132920702988
"146",146,0.0767889042864612,0.0143273842931935,0.0582707864575584,0.0299949283409463,0.0396743074887705,0.0465199671330265,0.00242845209704602,0.00512287584555029,0.0751492720336768,0.348276877976229,0.0490404674379277,5.87036967446781
"147",147,0.0748415114115776,0.0170916078210364,0.060067648802519,0.0321737365967192,0.0407820898090512,0.0445373525772755,0.0025718941700724,0.00506917234916998,0.0738479494869824,0.350982963024404,0.0484167958014103,5.91878647026922
"148",148,0.0727562560850649,0.0198698023262151,0.0618014550208771,0.0343360001790787,0.0418454721371208,0.0424610293099845,0.0027135784553218,0.00500723880606274,0.0724193800571324,0.353210212376858,0.0483832513327338,5.96716972160195
"149",149,0.0704349823703353,0.0226162493895983,0.0633690271888328,0.0364176215244727,0.042795217827576,0.0402385676055601,0.00284860427102674,0.00492985906123149,0.0707622070390373,0.354412336277671,0.0506410199264907,6.01781074152844
"150",150,0.0681934287269138,0.0254170775318645,0.065038458845696,0.0385675137522872,0.0438128550458658,0.0380542601620799,0.00298874111173659,0.00485876046490415,0.069190687641665,0.356121783283013,0.0516636054026316,6.06947434693107
"151",151,0.0660244639695584,0.028285461564943,0.0668195259368842,0.040796524369788,0.0449045035662708,0.0359000632435488,0.00313471435473056,0.00479382074361328,0.0677006465058083,0.358359724255145,0.0521097824812301,6.1215841294123
"152",152,0.0634464677124396,0.0310036531627327,0.0682128536536424,0.0427963288011218,0.045734886723949,0.0335170321521081,0.0032629090886525,0.00469979277568672,0.0657960293825863,0.358469953452919,0.05440437283751,6.17598850224981
"153",153,0.0606013181591802,0.0335763791959147,0.069303337977633,0.0446019095534944,0.0463626108298649,0.0309967009781312,0.00337638672205886,0.0045856118947895,0.0636114822160085,0.357015737527075,0.0569119267443897,6.2329004289942
"154",154,0.0578414565021013,0.0361672691952698,0.0704608991574271,0.0464429205422607,0.0470359217360392,0.0285274608078495,0.00349270914191302,0.00447717573878966,0.0615108368730247,0.355956649694675,0.0585723869455016,6.2914728159397
"155",155,0.0561986898492949,0.0395168533228778,0.0730422994085337,0.049237459996863,0.048658325012965,0.0265937211013096,0.00368043244747973,0.00445667434280949,0.060609787566606,0.361994243048739,0.0578753170052503,6.34934813294495
"156",156,0.0542441167326197,0.0427808229329272,0.0753583599294814,0.0518844158038604,0.0501010832059932,0.0244781271440722,0.00385649620984953,0.00441470256261027,0.0593982866387446,0.366516411160158,0.0573768153059839,6.40672494825094
"157",157,0.052117165851616,0.0460188319376248,0.0775501061460314,0.0544698671286513,0.0514589713406148,0.0222565118998785,0.0040275150843981,0.00436138194616011,0.0580192873206793,0.370279638655654,0.0570596876308855,6.46378463588182
"158",158,0.0499511954004036,0.0493290706758108,0.0797954912300949,0.0571148054171387,0.0528504404774843,0.0199908476099411,0.00420251225926607,0.00430739573320819,0.0566174690922582,0.374159227895606,0.0564367321728207,6.52022136805464
"159",159,0.0476106405931222,0.052567293232456,0.0818670975074038,0.0596544782875134,0.0541250486297298,0.0176295420950748,0.00436940257118977,0.0042408011988517,0.0550371710712231,0.377101475186565,0.0564028565719626,6.57662422462661
"160",160,0.0451951196239954,0.0558100907566415,0.083901251235436,0.0621823142142819,0.0553734705247743,0.0152180558987844,0.00453513892759575,0.00416965772615818,0.0533870952658201,0.379772194173487,0.0565806725866251,6.63320489721323
"161",161,0.0427110151787205,0.059051967530443,0.0858957948626226,0.0646945218730178,0.0565944843842907,0.0127619722186333,0.00469948483938914,0.0040942281850347,0.0516721957055226,0.382175664777674,0.0570320536302262,6.69023695084346
"162",162,0.0400591239357469,0.06212400605835,0.0876179683723944,0.0670109879242143,0.0576351738049238,0.0102398020340997,0.00484944297549689,0.00400422912405353,0.0497663168411665,0.383307051070446,0.0586753524983603,6.74891230334182
"163",163,0.0369928535551276,0.0645190367237452,0.0883978028584342,0.0686019620671974,0.0580564328829863,0.00762053619544295,0.00494698341616602,0.00387197163831874,0.0473389998801024,0.380346579217521,0.0621693017655484,6.81108160510737
"164",164,0.0341959901275098,0.0673151620348731,0.0897493994209078,0.0706279014552927,0.0588540118004031,0.00507442330190646,0.00507604247246049,0.00376623648034162,0.0452431445446825,0.379902311638377,0.0636590338255402,6.87474063893291
"165",165,0.0314673677766716,0.0702425249568175,0.0912768575109413,0.0727918754761383,0.0597669466581488,0.00253923152229243,0.00521502827722724,0.00366794173858058,0.0432369775242008,0.380204751441018,0.0647262068410483,6.93946684577395
"166",166,0.0297428698993311,0.0757427121659982,0.0960639276251685,0.0775900953895592,0.0628110296010719,0,0.00554214967068279,0.00369476644712187,0.0426745524642577,0.393862103263191,0.0605345587020708,7.00000140447603
